{"cameraMode":{"drawMode":0,"name":"Shaded","section":"Shading Mode"},"sceneLighting":true,"audioPlay":false,"sceneViewState":{"m_AlwaysRefresh":false,"showFog":true,"showSkybox":true,"showFlares":true,"showImageEffects":true,"showParticleSystems":true,"showVisualEffectGraphs":true,"m_FxEnabled":true},"in2DMode":false,"pivot":{"x":-19.516691207885743,"y":3.2075634002685549,"z":1.042135238647461},"rotation":{"x":-0.12893688678741456,"y":0.013978979550302029,"z":-0.0018177567981183529,"w":-0.9915529489517212},"size":15.180303573608399,"orthographic":false}