{"cameraMode":{"drawMode":0,"name":"Shaded","section":"Shading Mode"},"sceneLighting":true,"audioPlay":false,"sceneViewState":{"m_AlwaysRefresh":false,"showFog":true,"showSkybox":true,"showFlares":true,"showImageEffects":true,"showParticleSystems":true,"showVisualEffectGraphs":true,"m_FxEnabled":true},"in2DMode":false,"pivot":{"x":-28.476688385009767,"y":2.668367385864258,"z":0.6853837966918945},"rotation":{"x":-0.12447609007358551,"y":0.012498818337917328,"z":-0.0015681209042668343,"w":-0.9921429753303528},"size":5.870048522949219,"orthographic":false}