{"cameraMode":{"drawMode":0,"name":"Shaded","section":"Shading Mode"},"sceneLighting":false,"audioPlay":false,"sceneViewState":{"m_AlwaysRefresh":false,"showFog":true,"showSkybox":false,"showFlares":true,"showImageEffects":true,"showParticleSystems":true,"showVisualEffectGraphs":true,"m_FxEnabled":true},"in2DMode":false,"pivot":{"x":1.499656319618225,"y":0.488895446062088,"z":-0.9457390308380127},"rotation":{"x":0.0416819266974926,"y":-0.6805335283279419,"z":0.03883450850844383,"w":0.7305030226707459},"size":0.058977238833904269,"orthographic":false}